itemId| img
00-00002418| 503351.jpg
00-00002426| 503347.jpg
00-00002421| 503342.jpg
00-00002434| 419131/6.jpg
00-00002433| 419131/5.jpg
00-00002432| 419131/4.jpg
00-00002431| 419131/3.jpg
00-00002430| 419131/2.jpg
00-00002429| 419131/1.jpg
00-00002225| 502702.jpg
00-00002091| 502701.jpg
00-00002592| 468034.jpg
00-00002591| 468033.jpg
00-00002590| 468031.jpg
00-00002354| 468024.jpg
00-00002351| 468023.jpg
00-00002347| 468022.jpg
00-00002353| 468021.jpg
00-00002350| 468020.jpg
00-00002346| 468019.jpg
00-00002593| 468018.jpg
00-00002349| 468017.jpg
00-00002186| 468016.jpg
00-00002352| 468015.jpg
00-00002348| 468014.jpg
00-00002345| 468013.jpg
00-00002425| 503346.jpg
00-00002380| 503354.jpg
00-00002481| 503365.jpg
00-00002480| 503362.jpg
00-00002479| 503363.jpg
00-00002435| 503364.jpg
00-00002478| 503369.jpg
00-00002477| 503366.jpg
00-00002476| 503367.jpg
00-00002475| 503368.jpg
00-00001632| GL-00443.jpg
00-00001832| GL-00426.jpg
00-00000517| GL-00025.jpg
00-00000461| GL-00007.jpg
00-00000460| GL-00006.jpg
00-00002515| CA-12281.jpg
00-00002516| CA-12280.jpg
00-00002518| CA-12278.jpg
00-00002519| CA-12277.jpg
00-00002362| CA-12051.jpg
00-00002361| CA-12050.jpg
00-00002360| CA-12049.jpg
00-00002366| CA-12032.jpg
00-00002365| CA-12031.jpg
00-00002205| CA-11935.jpg
00-00002155| CA-11902.jpg
00-00002409| GL-01094.jpg
00-00002407| GL-01089.jpg
00-00002406| GL-01086.jpg
00-00002367| GL-01066.jpg
00-00002357| GL-01056.jpg
00-00002359| GL-01035.jpg
00-00002160| GL-00938.jpg
00-00002081| GL-00883.jpg
00-00002358| GL-00874.jpg
00-00001543| GL-00871.jpg
00-00001795| GL-00866.jpg
00-00001793| GL-00865.jpg
00-00001990| GL-00847.jpg
00-00001951| GL-00833.jpg
00-00001833| GL-00561.jpg
00-00000981| GL-00559.jpg
00-00001329| GL-00558.jpg
00-00001634| GL-00445.jpg
00-00001828| CA-01295.jpg
00-00001126| CA-01038.jpg
00-00000999| CA-00975.jpg
00-00000998| CA-00974.jpg
00-00000997| CA-00973.jpg
00-00000944| CA-00826.jpg
00-00000445| CA-00281.jpg
00-00000442| CA-00279.jpg
00-00000443| CA-00278.jpg
00-00000292| CA-00148.jpg
00-00000287| CA-00133.jpg
00-00002402| OB-02619.jpg
00-00002401| OB-02618.jpg
00-00002400| OB-02617.jpg
00-00002399| OB-02616.jpg
00-00002398| OB-02615.jpg
00-00002403| OB-02614.jpg
00-00002158| CA-11900.jpg
00-00002157| CA-11899.jpg
00-00002119| CA-11882.jpg
00-00002118| CA-11881.jpg
00-00002116| CA-11879.jpg
00-00002086| CA-11841.jpg
00-00002085| CA-11840.jpg
00-00002121| CA-11838.jpg
00-00002083| CA-11836.jpg
00-00002001| CA-11829.jpg
00-00001997| CA-11825.jpg
00-00001995| CA-11822.jpg
00-00001994| CA-11821.jpg
00-00001993| CA-11817.jpg
00-00001318| CA-11550.jpg
00-00001822| CA-11634.jpg
00-00001963| CA-11714.jpg
00-00001965| CA-11717.jpg
00-00001971| CA-11800.jpg
00-00002341| CA-11805.jpg
00-00002079| CA-11806.jpg
00-00001577| 06-047-O.jpg
00-00000817| 06-013-V.jpg
00-00002585| 06-138-V.jpg
00-00001589| 06-108-V.jpg
00-00002574| 06-127-B.jpg
00-00002578| 06-131-B.jpg
00-00002582| 06-135-B.jpg
00-00002583| 06-136-B.jpg
00-00002580| 06-133-B.jpg
00-00002577| 06-130-B.jpg
00-00002579| 06-132-B.jpg
00-00002575| 06-128-B.jpg
00-00002173| 06-123-V.jpg
00-00002584| 06-137-O.jpg
00-00002170| 06-007-V.jpg
00-00002172| 06-122-V.jpg
00-00001582| 06-073-O.jpg
00-00002576| 06-129-B.jpg
00-00001587| 06-081-O.jpg
00-00001574| 06-044-V.jpg
00-00002573| 06-126-V.jpg
00-00002581| 06-134-V.jpg
00-00001115| 06-061-O.jpg
00-00001113| 06-059-V.jpg
00-00002275| ME-00125.jpg
00-00002213| ME-00090.jpg
00-00002208| ME-00086.jpg
00-00002209| ME-00089.jpg
00-00002206| ME-00088.jpg
00-00002308| ME-00116.jpg
00-00002215| ME-00091.jpg
00-00002207| ME-00093.jpg
00-00001428| ME-00011.jpg
00-00002524| 07-49824.jpg
00-00001710| 07-14144.jpg
00-00001712| 07-49511.jpg
00-00002338| 01-020TR/S-XS.jpg
00-00002245| 01-089/XL.jpg
00-00001229| 01-051/L.jpg
00-00001230| 01-051/M.jpg
00-00002298| 01-020TR/L.jpg
00-00002286| 01-095/XL.jpg
00-00002527| 01-096/M.jpg
00-00002528| 01-096/L.jpg
00-00002531| 01-097/M.jpg
00-00002532| 01-097/L.jpg
00-00002536| 01-098/M.jpg
00-00002537| 01-098/L.jpg
00-00002541| 01-099/M.jpg
00-00002542| 01-099/L.jpg
00-00002545| 01-100/M.jpg
00-00002546| 01-100/L.jpg
00-00000061| 01-020/XL.jpg
00-00002325| EU5100034.jpg
00-00002327| EU5100057.jpg
00-00002326| EU5100054.jpg
00-00002330| EU5100031.jpg
00-00002328| EU5100030.jpg
00-00002329| EU5100027.jpg
00-00002324| EU5100032.jpg
